{"cameraMode":{"drawMode":0,"name":"Shaded","section":"Shading Mode"},"sceneLighting":true,"audioPlay":false,"sceneViewState":{"showFog":true,"showMaterialUpdate":false,"showSkybox":true,"showFlares":true,"showImageEffects":true,"showParticleSystems":true},"in2DMode":false,"pivot":{"x":0.13249492645263673,"y":10.788299560546875,"z":-4.584466934204102},"rotation":{"x":-0.026320360600948335,"y":-0.9450840950012207,"z":0.31614118814468386,"w":-0.07869993895292282},"size":31.345033645629884,"orthographic":false}