{"cameraMode":{"drawMode":0,"name":"Shaded","section":"Shading Mode"},"sceneLighting":true,"audioPlay":false,"sceneViewState":{"showFog":true,"showMaterialUpdate":false,"showSkybox":true,"showFlares":true,"showImageEffects":true,"showParticleSystems":true},"in2DMode":false,"pivot":{"x":-4.925323486328125,"y":13.28363037109375,"z":-19.6472225189209},"rotation":{"x":-0.0009743396076373756,"y":-0.7506299614906311,"z":0.6607661843299866,"w":-0.0010771307861432434},"size":9.719581604003907,"orthographic":false}