{"cameraMode":{"drawMode":0,"name":"Shaded","section":"Shading Mode"},"sceneLighting":true,"audioPlay":false,"sceneViewState":{"showFog":true,"showMaterialUpdate":false,"showSkybox":true,"showFlares":true,"showImageEffects":true,"showParticleSystems":true},"in2DMode":false,"pivot":{"x":-0.33963775634765627,"y":3.011514663696289,"z":-9.201257705688477},"rotation":{"x":-0.20126955211162568,"y":-0.5540992021560669,"z":0.14019152522087098,"w":-0.7954965829849243},"size":50.863407135009769,"orthographic":false}