{"cameraMode":{"drawMode":0,"name":"Shaded","section":"Shading Mode"},"sceneLighting":false,"audioPlay":false,"sceneViewState":{"showFog":true,"showMaterialUpdate":false,"showSkybox":false,"showFlares":true,"showImageEffects":true,"showParticleSystems":true},"in2DMode":false,"pivot":{"x":-5.5,"y":0.6340787410736084,"z":4.46999979019165},"rotation":{"x":-0.006937853991985321,"y":-0.7476065754890442,"z":0.6640962362289429,"w":-0.007815882563591004},"size":3.3329668045043947,"orthographic":false}